[
    {
        "sapid": 1,
        "name": "Licensed Frozen Hat",
        "org": "Incidunt et magni est ut.",
        "phone": "170.00",
        "email": "https://source.unsplash.com/1600x900/?product",
        "scores": [
          {"type":"a","checked": true},
          {"type":"b","checked": true}
        ]
        
    },
    {
        "sapid": 2,
        "name": "Rustic Concrete Chicken",
        "org": "Sint libero mollitia.",
        "phone": "302.00",
        "email": "https://source.unsplash.com/1600x900/?product",
        "scores": [
          {"type":"a","checked": true},
          {"type":"b","checked": false}
        ]
	},
    {
        "sapid": 3,
        "name": "Fantastic Metal Computer",
        "org": "In consequuntur cupiditate et unde minus.",
        "phone": "279.00",
        "email": "https://source.unsplash.com/1600x900/?product",
        "scores": [
          {"type":"a","checked": false},
          {"type":"b","checked": true}
        ]
    }
]