[
    {
        "sapid": 1,
        "name": "Licensed Frozen Hat",
        "org": "Incidunt et magni est ut.",
		"selectedRightType": 1,
        "phone": "170.00",
        "email": "https://source.unsplash.com/1600x900/?product",
		"subModule":[
				{
					"subModuleId": 1,
					"subModuleName": "Add Employee",
					"selectedRightType": 1,
				},{
					"subModuleId": 2,
					"subModuleName": "Update Employee",
					"selectedRightType": 2,
				},{
					"subModuleId": 3,
					"subModuleName": "Delete Employee",
					"selectedRightType": 3,
				}
			]
        
    },
    {
        "sapid": 2,
        "name": "Rustic Concrete Chicken",
        "org": "Sint libero mollitia.",
		"selectedRightType": 2,
        "phone": "302.00",
        "email": "https://source.unsplash.com/1600x900/?product",
		"subModule":[
				{
					"subModuleId": 4,
					"subModuleName": "Add Company",
					"selectedRightType": 1,
				},{
					"subModuleId": 5,
					"subModuleName": "Update Company",
					"selectedRightType": 2,
				},{
					"subModuleId": 6,
					"subModuleName": "Delete Company",
					"selectedRightType": 3,
				}
			]
	},
    {
        "sapid": 3,
        "name": "Fantastic Metal Computer",
        "org": "In consequuntur cupiditate et unde minus.",
		"selectedRightType": 3,
        "phone": "279.00",
        "email": "https://source.unsplash.com/1600x900/?product",
		"subModule":[
				{
					"subModuleId": 7,
					"subModuleName": "Add Task",
					"selectedRightType": 1,
				},{
					"subModuleId": 8,
					"subModuleName": "Update Task",
					"selectedRightType": 2,
				},{
					"subModuleId": 9,
					"subModuleName": "Delete Task",
					"selectedRightType": 3,
				}
			]
    }
]